{"PRESSAO ATMOSFERICA AO NIVEL DA ESTACAO, HORARIA (mB)": 1008.7940994986502, "RADIACAO GLOBAL (W/m2)": 1369.3882182799846, "TEMPERATURA DO PONTO DE ORVALHO (C)": 22.07408407250289, "UMIDADE RELATIVA DO AR, HORARIA (%)": 75.8629001156961, "sin_hour": -0.4106742059396646, "cos_hour": -0.3953465221443018}